URL,Title
https://www.bbc.com,"BBC Home - Breaking News, World News, US News, Sports, Business, Innovation, Climate, Culture, Travel, Video & Audio"
https://www.wikipedia.org,Wikipedia
https://www.reddit.com,Reddit - Dive into anything
https://www.cnn.com,"Breaking News, Latest News and Videos | CNN"
https://www.github.com,GitHub: Let’s build from here · GitHub
https://www.nytimes.com,"The New York Times - Breaking News, US News, World News and Videos"
https://www.bbc.co.uk/sounds,BBC Sounds - Music. Radio. Podcasts
https://www.bbc.com/weather,BBC Weather - Home
https://www.bbc.com/news/live/world-us-canada-69069142,Trump trial live: Former president rages at verdict in historic case - BBC News
https://www.theguardian.com,"News, sport and opinion from the Guardian's global edition | The Guardian"
https://www.bbc.com/sport/tennis/live/c999jkzp4dlt,"French Open 2024 LIVE: Gauff, Sinner, Swiatek, Alcaraz - text, radio & scores - BBC Sport"
https://www.bbc.com/news/live/world-africa-69076473,South Africa election results live: ANC on course to lose majority as MK surges - BBC News
https://lnk.to/global-story-bbcBC,The Global Story
https://cloud.email.bbc.com/SignUp10_08?&at_bbc_team=studios&at_medium=display&at_objective=acquisition&at_ptr_type=&at_ptr_name=bbc.comhp&at_format=Module&at_link_origin=homepage&at_campaign=essentiallist&at_campaign_type=owned,The Essential List
https://cloud.email.bbc.com/US_Election_Unspun_newsletter_signup?&at_bbc_team=studios&at_medium=display&at_objective=acquisition&at_ptr_type=&at_ptr_name=bbc.comhp&at_format=Module&at_link_origin=homepage&at_campaign=uselectionunspun&at_campaign_type=owned,US Election Unspun
https://www.bbc.com/,"BBC Home - Breaking News, World News, US News, Sports, Business, Innovation, Climate, Culture, Travel, Video & Audio"
https://cloud.email.bbc.com/InHistory_newsletter_signup?&at_bbc_team=studios&at_medium=display&at_objective=acquisition&at_ptr_type=&at_ptr_name=bbc.comhp&at_format=Module&at_link_origin=homepage&at_campaign=inhistory&at_campaign_type=owned,In History Newsletter
https://shop.bbc.com/,"BBC Shop
– BBC Shop US"
https://www.bbc.co.uk/usingthebbc/terms,A few rules for us and you - Using the BBC
https://www.bbc.co.uk/aboutthebbc,Learn more about what we do
https://www.bbc.com/usingthebbc/cookies/,Take control of your cookies
https://www.bbc.com/usingthebbc/privacy/,Keeping your info safe and sound
https://www.bbc.co.uk/accessibility/,Accessibility - BBC
https://www.bbc.co.uk/contact,Contact Home | Contact the BBC
https://www.bbc.com/contact-bbc-com-help,BBC
https://www.bbc.com/usingthebbc/cookies/how-can-i-change-my-bbc-cookie-settings/,How can I change my BBC cookie settings?
https://www.bbc.co.uk/editorialguidelines/guidance/feeds-and-links,Guidance: Links and feeds - Editorial Guidelines
https://en.wikipedia.org/wiki/List_of_Wikipedia_mobile_applications,List of Wikipedia mobile applications - Wikipedia
https://meta.wikimedia.org/wiki/Special:MyLanguage/List_of_Wikipedias,List of Wikipedias - Meta
https://donate.wikimedia.org/?utm_medium=portal&utm_campaign=portalFooter&utm_source=portalFooter,Make your donation now - Wikimedia Foundation
https://meta.wikimedia.org/wiki/Terms_of_use,Terms of use - Meta
https://meta.wikimedia.org/wiki/Privacy_policy,Privacy policy - Meta
https://play.google.com/store/apps/details?id=org.wikipedia&referrer=utm_source%3Dportal%26utm_medium%3Dbutton%26anid%3Dadmob,Wikipedia - Apps on Google Play
https://www.reddit.com/login/,Reddit - Dive into anything
https://play.google.com/store/apps/details?id=com.reddit.frontpage,Reddit - Apps on Google Play
https://apps.apple.com/US/app/id1064216828,"
      âReddit on the AppÂ Store
    "
https://accounts.reddit.com/adsregister?utm_source=web3x_consumer&utm_name=user_menu_cta,"
            
                Sign Up for Reddit Ads
            
        "
https://itunes.apple.com/app/apple-store/id324715238?pt=208305&ct=portal&mt=8,"
      âWikipedia on the AppÂ Store
    "
https://en.wikipedia.org/wiki/File:Donald-J.-Trump-Indictment.pdf,File:Donald-J.-Trump-Indictment.pdf - Wikipedia
https://www.nysenate.gov/legislation/laws/PEN/175.10,NYS Open Legislation | NYSenate.gov
https://www.msnbc.com/deadline-white-house/deadline-legal-blog/donald-trump-guilty-hush-money-trial-rcna154272,Trump convicted: First former U.S. president found guilty of falsifying business records
https://www.nbcnews.com/politics/donald-trump/donald-trump-verdict-hush-money-trial-rcna152492,Donald Trump found guilty in historic New York hush money case
https://www.usatoday.com/story/news/politics/2024/05/30/donald-trump-verdict-criminal-hush-money-trial/73891042007/,Trump guilty verdict recap: What happens now? Can he still run?
https://nypost.com/2024/05/30/us-news/donald-trump-convicted-of-illegally-fudging-business-records-in-historic-manhattan-hush-money-case/,Donald Trump convicted of illegally fudging business records in historic Manhattan hush money case
https://www.nbcnews.com/news/amp/rcna152492,Donald Trump found guilty in historic New York hush money case
https://www.nbcnewyork.com/news/local/trump-verdict-stormy-daniels-trial/5448835/,Trump verdict reached: jury finds former president guilty on all counts – NBC New York
https://www.independent.co.uk/news/world/americas/us-politics/donald-trump-guilty-verdict-hush-money-trial-b2551318.html,"Trump found guilty, becomes first criminally convicted US president after hush money trial | The Independent"
https://www.cnbc.com/2024/05/30/trump-guilty-crime-felony-what-happens-next.html?__source=iosappshare%7Ccom.apple.UIKit.activity.CopyToPasteboard,Trump has been convicted. Here's what happens next
https://abc7.com/live-updates/trump-trial-live-updates-verdict-reached-in-historic-hush-money-payment-case/14890411/,Trump trial live updates: Trump found guilty on all 34 counts - ABC7 Los Angeles
https://edition.cnn.com/2024/05/30/politics/donald-trump-hush-money-trial-verdict/index.html,Trump found guilty in hush money trial | CNN Politics
https://www.rollingstone.com/politics/politics-news/donald-trump-found-guilty-hush-money-trial-1235029425/,Donald Trump Found Guilty in Hush-Money Trial
https://www.cbsnews.com/news/donald-trump-convicted-prison-sentence-new-york-criminal-trial/,"
    Is Trump going to prison? What to know about the possible sentence after his conviction - CBS News"
https://www.npr.org/2024/05/30/nx-s1-4977352/trump-trial-verdict,Donald Trump is found guilty in hush money case : NPR
https://www.cnbc.com/amp/2024/05/30/trump-trial-verdict-hush-money.html,Trump guilty in hush money trial in New York
https://www.cnbc.com/2024/05/30/trump-trial-verdict-hush-money.html,Trump guilty in hush money trial in New York
https://www.foxnews.com/politics/what-happens-trump-convicted-legal-experts-break-down,What happens after Trump's conviction? Legal experts break it down | Fox News
https://www.theguardian.com/us-news/article/2024/may/30/trump-trial-hush-money-verdict?CMP=Share_iOSApp_Other,Donald Trump found guilty of hush-money plot to influence 2016 election | Donald Trump trials | The Guardian
https://www.local10.com/news/local/2024/05/30/judge-rereads-jury-instructions-in-trump-hush-money-trial-as-deliberations-set-to-resume/,Jury finds Trump guilty on all 34 counts; ex-president says he is a ‘very innocent man’
https://news.sky.com/story/amp/donald-trump-found-guilty-in-hush-money-case-becoming-first-ex-president-to-be-criminally-convicted-13144347,Donald Trump found guilty in hush money case - becoming first ex-president to be criminally convicted | US News | Sky News
https://abc7ny.com/post/trump-hush-money-trial-live-updates-closing-arguments-guilty-verdict/14879248/,Trump Hush Money Trial Live Updates: Former president set to address public from Trump Tower one day after conviction - ABC7 New York
https://www.huffpost.com/entry/trump-guilty-hush-money-trial_n_664f78b1e4b01123ffe493fd?72p,Donald Trump Found Guilty In Historic Hush Money Trial | HuffPost Latest News
https://www.wapt.com/article/donald-trump-hush-money-trial-verdict/60953149,Guilty: Trump becomes first former U.S. president convicted of felony crimes
https://www.rollingstone.com/politics/politics-news/donald-trump-found-guilty-hush-money-trial-1235029425,Donald Trump Found Guilty in Hush-Money Trial
http://www.nytimes.com/interactive/2024/05/30/nyregion/trump-hush-money-verdict.html?smid=nytcore-android-share,"The Trump Hush-Money Guilty Verdict, Count By Count - The New York Times"
https://abc7.com/live-updates/trump-trial-live-updates-found-guilty-on-all-34-counts/14890411/,Trump trial live updates: Trump found guilty on all 34 counts - ABC7 Los Angeles
https://www.independent.co.uk/news/world/americas/us-politics/trump-prison-conviction-sentence-hush-money-b2553941.html,What prison sentence could Trump face following guilty conviction in hush money trial? | The Independent
https://www.nbcnews.com/politics/donald-trump/trump-prison-hush-money-trial-verdict-rcna153963,Will Trump go to prison after hush money trial verdict?
https://www.rollingstone.com/politics/politics-news/trump-rants-after-felony-conviction-hush-money-rigged-1235030175/,Trump Rants After to Guilty Verdict In Hush Money Trial 
https://www.usatoday.com/story/news/politics/elections/2024/05/30/donald-trump-guilty-verdict-conviction-hush-money-trial/73825449007/,Donald Trump's hush money conviction and reelection bid: What it means
https://www.bloomberg.com/news/articles/2024-05-30/trump-uses-criminal-conviction-to-spur-donations-from-supporters,Bloomberg - Are you a robot?
https://www.bostonglobe.com/2024/05/30/nation/trump-guilty-presidential-race/?s_campaign=audience:reddit,What Trump’s conviction means for the presidential race
https://www.cbc.ca/news/world/donald-trump-hush-money-trial-verdict-1.7219067,Donald Trump guilty on all counts in hush-money trial | CBC News
https://www.foxnews.com/politics/ny-v-trump-jury-verdict-former-presidents-historic-criminal-trial,NY v Trump: Jury reaches a verdict in former president's historic criminal trial | Fox News
https://newrepublic.com/post/182108/trump-reaction-remarks-guilty-verdict-sentencing,Trump’s Wild Rant After Guilty Verdict Could Haunt Him in Sentencing | The New Republic
https://www.msnbc.com/msnbc/amp/shows/deadlinewhitehouse/blog/rcna154272,Trump convicted: First former U.S. president found guilty of falsifying business records
https://www.pbs.org/newshour/politics/guilty-or-not-guilty-trump-verdict-wont-sway-most-voters-poll-shows,"Guilty or not guilty, Trump verdict won’t sway most voters, poll shows | PBS NewsHour"
https://www.nbcnews.com/politics/donald-trump/false-right-wing-reports-trump-trial-jury-instructions-fuel-threats-ju-rcna154678,False right-wing reports about Trump trial jury instructions fuel threats against judge
https://www.wired.com/story/trump-guilty-verdict-online-maga-fanbase-war/,Trump’s Online MAGA Army Calls Guilty Verdict a Declaration of War | WIRED
https://www.rollingstone.com/politics/politics-news/republicans-lose-minds-trump-guilty-verdict-1235030230/,Republicans Are Losing Their Minds Over The Trump Guilty Verdict
https://www.rollingstone.com/politics/politics-features/trump-thought-juror-would-save-him-from-conviction-1235030249/,Trump Hoped 'My Juror' Would Save Him From Conviction
https://www.huffpost.com/entry/trump-verdict-maga-has-mega-meltdown_n_6658f967e4b08f9fa13ff7a3,MAGA Has Mega-Meltdown At Donald Trump's Guilty Verdict | HuffPost Latest News
https://www.rollingstone.com/politics/politics-news/biden-campaign-reacts-trump-guilty-verdict-1235030252/,Biden Campaign Reacts to Trump Felony Conviction 
https://www.bloomberg.com/opinion/articles/2024-05-30/trump-fought-the-law-and-the-law-finally-won?srnd=undefined,Bloomberg - Are you a robot?
https://www.nbcnews.com/politics/donald-trump/trump-guilty-biden-november-election-rcna154786,"Guilty but unashamed, Trump says he will see Biden in November"
https://www.bbc.com/news/articles/c2xx1dyd70xo,Trump trial: Moment Trump heard the guilty verdict for first time
https://www.nbcnews.com/politics/2024-election/biden-campaign-reacts-trump-verdict-rcna154792,"For weary Democrats, Trump verdict is finally a bright spot "
https://www.huffpost.com/entry/republican-lawmakers-donald-trump-guilty-verdict-resign_n_6658fafde4b08f9fa13ff7aa,All The GOP Officials Telling Trump To Drop Out After His Felony Conviction | HuffPost Latest News
https://www.azcentral.com/story/opinion/letters/2024/05/30/donald-trump-guilty-felony-reaction/73914299007/,Donald Trump should be in prison since he's guilty of felonies
https://www.cnn.com/2024/05/30/politics/joe-biden-reaction-trump-verdict/index.html,GOP rushes to defend Trump as Biden fundraises off guilty verdict in hush money case | CNN Politics
https://www.cbsnews.com/newyork/news/biden-campaign-trump-trial-verdict/?intcid=CNR-01-0623,"
    Biden campaign warns: ""Convicted felon or not,"" Trump could still be president - CBS New York"
https://www.rollingstone.com/politics/politics-news/trump-conviction-extremists-calls-violence-1235030317/,Violence After Trump Guilty Verdict? Extremists Fantasize of War 
https://www.bostonglobe.com/2024/05/30/metro/trump-verdict-reactions/?camp=bg:brief:rss:MSN&rss_id=MSN_rss_brief,"Trump verdict: Politicians, notables react to guilty verdict in Trump hush-money case"
https://www.independent.co.uk/news/world/americas/us-politics/donald-trump-guilty-convicted-hush-money-b2554213.html,Trump is now a convicted felon. That will actually matter in November | The Independent
https://www.bloomberg.com/news/articles/2024-05-30/trump-guilty-verdict-adds-twist-to-2024-race-a-convicted-felon,Bloomberg - Are you a robot?
https://www.bloomberg.com/news/articles/2024-05-30/trump-is-guilty-in-hush-money-case-what-happens-next?srnd=homepage-asia,Bloomberg - Are you a robot?
https://nypost.com/2024/05/30/us-news/ivanka-trump-breaks-silence-after-father-is-found-guilty-in-hush-money-case/,Ivanka Trump breaks silence after father is found guilty in hush money case
https://www.newyorker.com/magazine/2024/06/10/trump-is-guilty-but-voters-will-be-the-final-judge,Donald Trump Is Guilty in His New York Hush-Money Trial | The New Yorker
https://nypost.com/2024/05/30/us-news/biden-leads-trump-by-single-digits-in-new-york-poll/,Biden leads Trump by single digits in New York -- independents have 'flipped' for ex-president: poll 
https://www.motherjones.com/politics/2024/05/donald-trump-found-guilty-on-all-counts-in-hush-money-trial/,Donald Trump Found Guilty on All Counts in Hush-Money Trial – Mother Jones
https://www.businessinsider.com/court-sketch-artist-trump-looked-demolished-by-trial-verdict-2024-5,Court Sketch Artist Says Trump Looked 'Demolished' by Verdict  
https://www.foxnews.com/media/trump-attorney-says-he-doesnt-believe-former-president-got-fair-trial-lays-out-whats-next-not-over,Trump attorney says he doesn't believe former president got a fair trial | Fox News
https://www.salon.com/2024/05/30/experts-may-delay-sentencing-for-months-if-convicted--and-throw-in-everything-on-appeal/,"Experts: Trump may ""throw in everything"" on appeal | Salon.com"
https://www.washingtonpost.com/opinions/2024/05/30/early-trump-verdict-campaign-impact-lost-focus/,Opinion | An early verdict from Trump’s New York trial: He lost his focus - The Washington Post
https://www.theguardian.com/us-news/article/2024/may/30/trump-to-be-sentenced-for-felonies-before-republican-national-convention,Trump to be sentenced for felonies before Republican national convention |  | The Guardian
https://www.salon.com/2024/05/30/an-irreducible-verdict-maddow-and-other-experts-clock-in-on-in-his-felon-era/,"""An irreducible verdict"": Maddow and other experts clock in on Trump in his felon era | Salon.com"
https://www.bbc.com/news/articles/crgg4kv0682o,Can Trump run for president as a convicted felon? 
https://www.foxnews.com/politics/republicans-react-historic-trump-trial-verdict-dark-day-america,Republicans react to historic Trump trial verdict: 'Dark day for America' | Fox News
https://abcnews.go.com/Politics/trump-conviction-biden-comment-legal-troubles-forcefully-sources/story?id=110694711,"With Trump conviction, Biden to comment on legal troubles more forcefully: Sources - ABC News"
https://www.cnn.com/2024/05/31/politics/voters-trump-conviction-2024/index.html,Voters’ reactions: Trump trial verdict isn’t doing much to shift these voters’ 2024 picks | CNN Politics
https://edition.cnn.com/2024/05/31/china/china-trump-conviction-trending-intl-hnk/index.html,"Trump’s conviction: The former US president is trending on Chinese social media, and many are rejoicing | CNN"
https://www.thetimes.co.uk/article/how-donald-trump-can-appeal-the-verdict-stormy-daniels-trial-guilty-c2b9tgjp7?utm_medium=Social&utm_source=Reddit#Echobox=1717144117,How can Donald Trump appeal against the guilty verdict?
